                  epoch,             train/loss,  metrics/accuracy_top1,  metrics/accuracy_top5,               val/loss,                 lr/pg0,                 lr/pg1,                 lr/pg2
                      1,                0.24209,                0.93649,                0.99597,                0.63512,             0.00023718,             0.00023718,             0.00023718
                      2,                0.04998,                0.93851,                0.99496,                0.62048,             0.00047048,             0.00047048,             0.00047048
                      3,                0.03733,                0.93145,                0.99597,                 0.6276,             0.00069906,             0.00069906,             0.00069906
                      4,                0.03601,                0.93649,                0.99597,                0.62589,             0.00069279,             0.00069279,             0.00069279
                      5,                0.02387,                0.94153,                0.99597,                0.61501,             0.00069279,             0.00069279,             0.00069279
                      6,                0.01297,                0.94456,                0.99698,                0.61118,             0.00068573,             0.00068573,             0.00068573
                      7,                0.01178,                0.94254,                0.99496,                0.61414,             0.00067866,             0.00067866,             0.00067866
                      8,                0.00991,                0.94657,                0.99395,                0.61214,             0.00067159,             0.00067159,             0.00067159
